Occupation	"Total, 16
years and
 over"	"16 to 19 
years"	"20 to 24 
years"	"25 to 34 
years"	"35 to 44 
years"	"45 to 54 
years"	"55 to 64 
years"	"65 years
and over"	"Median
 age"
Total employed	152,581	5,266	13,409	34,578	32,734	30,554	25,912	10,127	42.2
Management,  professional, and related occupations	64,744	420	3,267	15,222	15,625	14,238	11,394	4,579	43.8
Management, business, and financial operations occupations	27,864	100	1,052	5,726	6,783	6,603	5,411	2,189	45.5
Management occupations	18,986	74	573	3,413	4,728	4,704	3,863	1,630	46.5
Chief executives	1,664	1	4	157	388	446	464	204	51.6
General and operations managers	1,085	2	30	258	303	272	173	47	43.4
Legislators	21	0	1	3	3	3	6	6	–
Advertising and promotions managers	72	0	7	34	15	7	5	2	34.2
Marketing managers	576	1	27	189	167	108	59	23	39.7
Sales managers	537	2	9	94	144	148	114	26	46.2
Public relations and fundraising managers	100	0	5	16	30	26	18	5	44.4
Administrative services managers	60	0	1	9	16	12	18	4	47.1
Facilities managers	146	1	0	18	38	34	46	10	50.2
Computer and information systems managers	715	2	9	113	209	212	149	21	45.7
Financial managers	1,307	2	37	281	347	301	269	70	44.8
Compensation and benefits managers	16	0	0	4	4	5	3	0	–
Human resources managers	273	2	3	45	75	74	58	17	45.8
Training and development managers	55	1	1	17	12	12	10	2	43.8
Industrial production managers	256	0	7	31	72	85	48	14	46.9
Purchasing managers	232	0	1	57	49	53	60	13	46.7
Transportation, storage, and distribution managers	314	3	14	61	79	77	64	16	45.2
Farmers, ranchers, and other agricultural managers	875	3	27	106	122	143	194	281	56.0
Construction managers	999	2	29	205	247	251	196	69	45.7
Education and childcare administrators	956	1	27	137	268	264	196	62	47.0
Architectural and engineering managers	178	0	2	23	55	53	38	6	46.4
Food service managers	1,133	28	152	268	243	219	165	57	40.0
Funeral home managers	9	0	0	0	1	3	0	4	–
Entertainment and recreation managers	43	1	2	5	11	12	8	4	–
Lodging managers	116	0	4	27	25	24	25	11	46.1
Medical and health services managers	791	0	14	146	186	228	174	44	47.2
Natural sciences managers	21	0	0	3	7	6	4	0	–
Postmasters and mail superintendents	16	0	0	4	3	6	3	0	–
Property, real estate, and community association managers	780	1	24	135	169	162	177	111	48.7
Social and community service managers	391	0	22	73	100	86	80	28	45.9
Emergency management directors	13	0	1	3	3	2	4	0	–
Personal service managers, all other	1	0	0	0	0	0	0	0	–
Managers, all other	5,235	19	113	892	1,335	1,370	1,035	469	46.8
Business and financial operations occupations	8,878	26	479	2,312	2,055	1,899	1,548	559	43.1
Agents and business managers of artists, performers, and athletes	40	0	2	8	10	9	8	3	–
Buyers and purchasing agents, farm products	11	0	1	5	2	0	2	2	–
Wholesale and retail buyers, except farm products	159	2	9	39	31	40	29	10	44.6
Purchasing agents, except wholesale, retail, and farm products	223	0	14	56	43	37	60	13	46.3
Claims adjusters, appraisers, examiners, and investigators	330	0	16	79	72	81	73	8	44.9
Compliance officers	291	0	6	53	70	77	69	15	47.6
Cost estimators	127	0	2	27	27	29	29	13	47.2
Human resources workers	871	2	59	267	217	177	121	29	40.5
Compensation, benefits, and job analysis specialists	67	0	0	12	19	23	10	3	45.2
Training and development specialists	166	0	7	38	45	36	32	7	43.3
Logisticians	132	0	9	29	25	41	22	5	45.0
Project management specialists	769	2	19	197	207	190	119	34	43.4
Management analysts	1,001	3	41	231	231	204	186	105	44.8
Meeting, convention, and event planners	116	3	7	36	30	22	11	8	40.1
Fundraisers	93	0	4	20	28	23	10	8	42.7
Market research analysts and marketing specialists	400	3	51	150	83	57	42	15	35.1
Business operations specialists, all other	584	6	39	170	138	105	93	33	41.0
Accountants and auditors	1,630	1	88	428	365	342	297	108	43.4
Property appraisers and assessors	80	0	5	13	10	17	20	15	50.0
Budget analysts	61	0	0	15	12	13	20	2	48.5
Credit analysts	38	0	4	7	8	9	9	0	–
Financial and investment analysts	343	1	29	112	73	72	44	13	39.9
Personal financial advisors	535	2	30	124	124	110	95	51	44.2
Insurance underwriters	128	0	7	23	28	33	31	6	46.8
Financial examiners	16	0	0	1	6	3	5	1	–
Credit counselors and loan officers	440	1	25	125	98	98	69	23	42.4
Tax examiners and collectors, and revenue agents	63	0	2	8	16	17	13	7	48.0
Tax preparers	101	0	3	26	18	15	17	23	48.9
Other financial specialists	61	0	2	12	16	17	12	1	45.2
Professional and related occupations	36,880	320	2,215	9,496	8,842	7,634	5,983	2,390	42.6
Computer and mathematical occupations	5,688	28	347	1,693	1,489	1,135	815	181	40.7
Computer and information research scientists	41	0	2	20	9	4	4	1	–
Computer systems analysts	464	2	17	125	127	92	83	18	42.3
Information security analysts	152	2	9	30	45	33	21	13	42.9
Computer programmers	444	5	19	108	115	95	82	20	43.4
Software developers	1,932	4	122	700	523	338	205	40	38.6
Software quality assurance analysts and testers	74	0	2	15	27	15	10	5	42.7
Web developers	81	1	3	36	22	9	8	1	38.5
Web and digital interface designers	64	1	8	19	20	9	3	4	37.1
Computer support specialists	660	6	62	180	139	140	110	23	41.1
Database administrators and architects	111	0	1	31	19	32	27	1	45.7
Network and computer systems administrators	212	1	5	49	57	54	38	8	44.1
Computer network architects	102	0	0	14	39	30	16	2	45.0
Computer occupations, all other	889	6	68	204	230	200	151	30	42.2
Actuaries	29	0	2	14	1	8	4	0	–
Mathematicians	0	0	0	0	0	0	0	0	–
Operations research analysts	141	0	6	35	38	33	24	5	42.6
Statisticians	45	0	1	16	9	13	5	1	–
Other mathematical science occupations	245	0	19	96	67	31	23	9	37.0
Architecture and engineering occupations	3,235	9	197	910	746	640	561	173	42.0
Architects, except landscape and naval	212	0	4	49	45	46	47	21	46.3
Landscape architects	27	0	1	7	6	5	5	2	–
Surveyors, cartographers, and photogrammetrists	41	0	1	7	11	11	9	2	–
Aerospace engineers	129	0	9	39	26	19	30	6	41.9
Agricultural engineers	8	0	0	2	4	1	1	0	–
Bioengineers and biomedical engineers	15	0	3	5	4	1	2	0	–
Chemical engineers	75	0	7	17	15	17	15	4	45.1
Civil engineers	431	0	35	138	97	79	58	24	39.7
Computer hardware engineers	88	0	1	36	27	11	8	5	38.2
Electrical and electronics engineers	299	0	9	80	65	68	63	13	43.7
Environmental engineers	33	0	2	7	5	10	7	2	–
Industrial engineers, including health and safety	216	0	11	66	55	45	32	7	41.5
Marine engineers and naval architects	12	0	1	4	2	5	1	0	–
Materials engineers	43	1	4	13	8	8	6	2	–
Mechanical engineers	354	0	31	110	87	59	55	12	40.0
Mining and geological engineers, including mining safety engineers	8	0	0	2	4	2	0	0	–
Nuclear engineers	11	0	0	0	8	0	3	1	–
Petroleum engineers	16	0	0	4	6	1	4	1	–
Engineers, all other	666	0	35	200	145	140	110	37	41.8
Architectural and civil drafters	32	0	1	11	7	5	3	4	–
Other drafters	93	0	5	23	31	18	12	4	41.5
Electrical and electronic engineering technologists and technicians	74	2	5	8	16	13	20	9	49.0
Other engineering technologists and technicians, except drafters	293	3	26	66	59	68	62	11	43.3
Surveying and mapping technicians	57	0	5	17	14	9	8	5	39.9
Life, physical, and social science occupations	1,640	9	119	501	353	304	248	106	41.0
Agricultural and food scientists	32	0	3	15	4	4	5	1	–
Biological scientists	94	0	4	28	21	16	18	6	42.6
Conservation scientists and foresters	22	0	1	8	6	4	2	1	–
Medical scientists	121	0	4	31	31	27	20	8	43.4
Life scientists, all other	8	0	0	6	2	0	0	0	–
Astronomers and physicists	22	0	0	7	5	3	3	4	–
Atmospheric and space scientists	11	0	1	1	3	5	1	0	–
Chemists and materials scientists	94	0	5	28	19	15	20	8	43.0
Environmental scientists and specialists, including health	40	0	1	10	8	13	6	2	–
Geoscientists and hydrologists, except geographers	42	0	0	14	15	5	8	0	–
Physical scientists, all other	370	0	21	119	108	67	39	16	39.9
Economists	21	0	1	5	6	2	4	3	–
Survey researchers	1	0	0	0	1	0	0	0	–
Clinical and counseling psychologists	13	0	0	2	3	3	3	2	–
School psychologists	58	0	1	22	16	12	4	3	38.3
Other psychologists	149	0	3	30	29	34	27	27	48.6
Sociologists	2	0	0	0	1	1	0	0	–
Urban and regional planners	28	0	2	5	6	2	11	2	–
Miscellaneous social scientists and related workers	54	0	3	19	7	16	6	2	39.6
Agricultural and food science technicians	30	0	2	12	5	5	2	3	–
Biological technicians	18	1	2	7	1	2	5	1	–
Chemical technicians	48	0	7	16	5	12	5	2	–
Environmental science and geoscience technicians	15	0	0	8	2	2	2	0	–
Nuclear technicians	2	0	0	1	1	0	0	0	–
Social science research assistants	6	0	2	2	1	1	1	0	–
Other life, physical, and social science technicians	269	6	47	91	34	42	38	11	34.6
Occupational health and safety specialists and technicians	72	2	7	17	14	11	19	3	44.0
Community and social service occupations	2,777	14	140	662	648	580	490	244	44.2
Substance abuse and behavioral disorder counselors	121	0	8	54	25	13	12	9	35.1
Educational, guidance, and career counselors and advisors	362	2	22	87	95	83	54	19	42.5
Marriage and family therapists	44	0	1	9	12	9	9	3	–
Mental health counselors	212	0	7	57	56	43	33	16	42.7
Rehabilitation counselors	11	0	0	2	3	2	3	1	–
Counselors, all other	250	6	22	61	49	46	42	25	43.4
Child, family, and school social workers	54	1	2	12	15	14	8	2	43.9
Healthcare social workers	77	0	2	17	22	16	11	9	44.7
Mental health and substance abuse social workers	15	0	0	5	4	2	0	4	–
Social workers, all other	681	0	35	178	175	152	113	29	42.8
Probation officers and correctional treatment specialists	88	0	1	17	19	30	18	3	45.9
Social and human service assistants	194	3	10	46	43	43	35	14	43.9
Other community and social service specialists	100	1	13	26	22	16	16	6	39.7
Clergy	404	0	7	55	87	80	96	79	50.6
Directors, religious activities and education	67	0	2	13	13	15	19	4	46.7
Religious workers, all other	96	0	10	22	7	17	21	20	52.0
Legal occupations	1,805	5	46	368	444	382	354	207	46.4
Lawyers	1,085	1	1	204	308	230	204	137	46.5
Judicial law clerks	24	0	0	14	3	2	3	2	–
Judges, magistrates, and other judicial workers	77	0	4	5	16	23	14	15	53.1
Paralegals and legal assistants	431	3	31	98	87	87	95	30	45.0
Title examiners, abstractors, and searchers	107	1	3	25	19	24	27	9	48.3
Legal support workers, all other	80	1	6	22	11	15	12	13	45.0
Education, training, and library occupations	8,946	120	610	1,989	2,121	2,064	1,446	596	43.2
Postsecondary teachers	1,154	1	24	167	260	261	274	166	49.4
Preschool and kindergarten teachers	613	16	87	164	139	114	71	22	38.5
Elementary and middle school teachers	3,260	8	132	757	881	880	458	144	43.2
Secondary school teachers	940	2	32	229	241	263	139	33	43.0
Special education teachers	362	0	8	82	100	89	68	15	44.0
Tutors	168	19	53	35	13	14	17	17	28.7
Other teachers and instructors	737	24	68	139	178	129	118	81	43.1
Archivists, curators, and museum technicians	62	2	5	18	9	6	13	9	45.0
Librarians and media collections specialists	158	0	3	29	32	34	40	20	49.9
Library technicians	38	2	1	5	6	2	15	6	–
Teaching assistants	1,309	43	190	337	219	240	209	71	39.1
Other educational instruction and library workers	145	1	6	26	42	31	25	14	45.6
Arts, design, entertainment, sports, and media occupations	3,151	82	236	858	678	520	495	281	41.4
Artists and related workers	286	3	17	84	54	49	48	31	43.3
Commercial and industrial designers	11	0	1	2	4	2	2	0	–
Fashion designers	33	0	4	14	9	3	3	0	–
Floral designers	50	2	5	6	9	6	19	3	49.7
Graphic designers	271	3	22	78	71	42	43	11	39.9
Interior designers	123	0	4	35	24	17	28	15	44.8
Merchandise displayers and window trimmers	27	2	5	7	3	5	4	2	–
Other designers	389	0	21	120	87	68	59	33	41.1
Actors	45	2	4	13	8	6	4	8	–
Producers and directors	182	1	13	49	44	45	15	16	41.3
Athletes and sports competitors	37	1	4	13	6	6	2	6	–
Coaches and scouts	235	37	27	57	53	24	24	13	34.6
Umpires, referees, and other sports officials	17	8	3	0	0	2	0	4	–
Dancers and choreographers	11	1	5	2	3	0	0	0	–
Music directors and composers	52	0	2	14	12	8	9	7	42.7
Musicians and singers	127	3	11	28	19	20	18	28	44.2
Disc jockeys, except radio	15	0	1	0	6	4	2	0	–
Entertainers and performers, sports and related workers, all other	43	1	4	14	5	11	3	5	–
Broadcast announcers and radio disc jockeys	18	0	1	1	5	4	5	2	–
News analysts, reporters, and journalists	79	0	11	28	15	8	9	8	34.9
Public relations specialists	122	0	5	35	30	26	20	5	41.9
Editors	105	2	5	30	14	17	23	13	45.4
Technical writers	71	0	5	13	13	15	20	5	49.5
Writers and authors	261	0	8	72	57	41	49	33	44.8
Interpreters and translators	93	4	5	14	25	19	16	11	45.2
Court reporters and simultaneous captioners	28	0	0	3	1	8	12	4	–
Media and communication workers, all other	30	1	3	8	8	4	7	0	–
Broadcast, sound, and lighting technicians	87	4	7	23	21	14	14	4	39.9
Photographers	192	3	17	60	49	33	21	11	39.6
Television, video, and film camera operators and editors	108	2	16	34	22	14	15	4	36.2
Media and communication equipment workers, all other	1	0	0	0	1	0	0	0	–
Healthcare practitioners and technical occupations	9,639	52	522	2,515	2,365	2,010	1,573	602	42.7
Chiropractors	59	0	0	14	9	16	13	8	49.4
Dentists	167	0	0	34	48	29	35	21	46.6
Dietitians and nutritionists	117	0	4	30	30	19	28	6	43.9
Optometrists	37	0	0	7	12	7	11	1	–
Pharmacists	352	0	10	106	111	64	42	19	41.4
Emergency medicine physicians	24	0	0	2	14	4	2	2	–
Radiologists	26	0	0	5	5	7	4	4	–
Other physicians	921	0	1	206	230	214	167	104	46.2
Surgeons	59	0	0	8	18	15	12	6	46.7
Physician assistants	165	0	2	63	57	26	8	8	39.4
Podiatrists	8	0	0	1	1	1	3	1	–
Audiologists	17	0	0	7	4	2	1	2	–
Occupational therapists	135	0	1	54	29	18	27	6	41.8
Physical therapists	273	1	7	86	74	54	41	10	41.2
Radiation therapists	15	0	0	3	5	5	1	1	–
Recreational therapists	18	0	3	5	2	4	4	1	–
Respiratory therapists	117	0	6	23	26	23	34	5	47.7
Speech-language pathologists	187	0	9	65	46	37	22	8	41.1
Exercise physiologists	6	0	1	3	0	1	0	1	–
Therapists, all other	242	0	12	85	59	37	32	17	39.6
Veterinarians	104	0	0	25	26	25	14	14	45.2
Registered nurses	3,201	5	162	824	773	712	540	184	43.1
Nurse anesthetists	35	0	0	6	11	12	4	2	–
Nurse midwives	8	0	0	2	1	2	3	0	–
Nurse practitioners	237	0	0	46	88	66	30	7	43.5
Acupuncturists	24	0	0	1	5	3	8	8	–
Healthcare diagnosing or treating practitioners, all other	13	0	0	2	2	5	3	1	–
Clinical laboratory technologists and technicians	369	4	38	104	77	67	58	21	40.5
Dental hygienists	207	0	7	48	49	58	34	11	44.8
Cardiovascular technologists and technicians	61	2	5	13	10	14	14	3	47.2
Diagnostic medical sonographers	88	0	4	20	24	24	13	2	42.0
Radiologic technologists and technicians	226	0	8	57	60	47	44	10	43.4
Magnetic resonance imaging technologists	47	0	1	7	12	12	10	3	–
Nuclear medicine technologists and medical dosimetrists	39	0	1	7	10	13	7	1	–
Emergency medical technicians	145	5	36	51	22	15	14	2	30.8
Paramedics	96	0	5	32	28	22	6	4	38.5
Pharmacy technicians	342	11	51	107	79	47	36	11	36.1
Psychiatric technicians	73	1	21	21	14	10	3	3	30.7
Surgical technologists	113	1	8	33	32	24	13	3	39.8
Veterinary technologists and technicians	129	2	32	46	29	8	9	3	31.8
Dietetic technicians and ophthalmic medical technicians	66	9	11	11	14	8	8	5	35.0
Licensed practical and licensed vocational nurses	533	6	45	121	113	114	106	29	43.8
Medical records specialists	207	3	9	41	47	52	40	16	46.3
Opticians, dispensing	50	0	4	11	10	10	12	4	45.2
Miscellaneous health technologists and technicians	177	2	9	44	31	37	38	15	45.4
Other healthcare practitioners and technical occupations	105	0	7	31	17	21	19	9	42.6
									
Service occupations	24,403	2,159	3,374	5,314	4,456	4,142	3,538	1,420	38.3
Healthcare support occupations	4,887	125	666	1,133	912	909	818	324	40.8
Home health aides	570	10	47	86	110	128	140	50	47.2
Personal care aides	1,411	35	149	272	249	272	276	158	45.0
Nursing assistants	1,248	51	197	285	210	246	200	59	39.2
Orderlies and psychiatric aides	55	1	14	16	7	6	6	5	34.5
Occupational therapy assistants and aides	41	0	7	17	5	6	5	0	–
Physical therapist assistants and aides	74	1	11	20	18	14	10	1	39.7
Massage therapists	166	0	11	47	33	30	32	12	43.5
Dental assistants	323	7	55	106	61	49	35	10	34.4
Medical assistants	561	5	85	182	135	91	52	11	36.4
Medical transcriptionists	45	0	15	10	6	7	4	3	–
Pharmacy aides	35	1	8	11	7	5	4	1	–
Veterinary assistants and laboratory animal caretakers	78	9	28	23	8	8	2	2	26.7
Phlebotomists	114	0	22	29	25	20	13	4	37.5
Other healthcare support workers	164	3	18	29	38	28	40	8	43.7
Protective service occupations	2,987	101	241	786	663	620	407	171	41.0
First-line supervisors of correctional officers	38	0	0	7	13	13	5	0	–
First-line supervisors of police and detectives	92	0	0	12	30	37	11	2	45.1
First-line supervisors of firefighting and prevention workers	44	0	0	1	13	19	11	1	–
First-line supervisors of security workers	75	0	1	10	18	25	15	5	46.0
First-line supervisors of protective service workers, all other	5	0	0	2	0	1	0	1	–
Firefighters	294	2	21	88	94	57	27	5	39.7
Fire inspectors	30	0	2	3	8	9	6	2	–
Bailiffs	21	0	1	0	3	5	8	4	–
Correctional officers and jailers	297	2	35	96	64	64	32	3	38.2
Detectives and criminal investigators	130	0	1	35	43	27	18	6	43.1
Fish and game wardens	6	0	1	3	2	1	0	0	–
Parking enforcement workers	15	0	1	5	3	1	4	1	–
Police officers	753	2	37	237	189	189	76	23	40.5
Animal control workers	6	0	0	1	3	2	0	0	–
Private detectives and investigators	95	0	4	26	21	19	17	7	43.6
Security guards and gambling surveillance officers	844	18	113	227	133	125	148	80	41.0
Crossing guards and flaggers	51	1	2	5	9	4	11	19	57.6
Transportation security screeners	46	0	3	15	10	14	3	1	–
School bus monitors	28	2	1	5	3	1	8	8	–
Other protective service workers	117	74	18	9	4	6	4	3	21.2
Food preparation and serving related occupations	7,370	1,505	1,477	1,560	1,050	817	724	236	29.2
Chefs and head cooks	402	5	25	108	110	77	63	13	41.5
First-line supervisors of food preparation and serving workers	480	41	97	138	80	65	49	10	31.8
Cooks	1,905	294	267	394	333	303	240	74	34.9
Food preparation workers	872	191	152	146	119	99	125	40	31.0
Bartenders	362	4	66	140	79	33	27	13	32.1
Fast food and counter workers	775	309	207	130	56	27	33	12	22.3
Waiters and waitresses	1,631	340	490	378	181	122	86	34	25.3
Food servers, nonrestaurant	172	28	29	36	29	25	19	7	32.3
Dining room and cafeteria attendants and bartender helpers	243	83	36	35	22	22	34	11	26.4
Dishwashers	243	56	42	34	33	29	35	14	30.8
Hosts and hostesses, restaurant, lounge, and coffee shop	282	151	66	22	8	15	13	7	21.4
Food preparation and serving related workers, all other	2	2	0	0	0	0	0	0	–
Building and grounds cleaning and maintenance occupations	5,482	214	443	989	1,132	1,134	1,125	445	44.6
First-line supervisors of housekeeping and janitorial workers	338	0	5	47	73	84	102	26	50.3
First-line supervisors of landscaping, lawn service, and groundskeeping workers	233	1	9	49	52	57	49	16	46.8
Janitors and building cleaners	2,113	81	170	352	389	424	479	218	46.4
Maids and housekeeping cleaners	1,357	38	78	228	311	317	298	87	45.5
Pest control workers	119	4	17	28	23	18	22	7	39.8
Landscaping and groundskeeping workers	1,211	86	147	255	262	213	163	84	39.6
Tree trimmers and pruners	98	3	14	28	20	17	9	7	37.4
Other grounds maintenance workers	13	1	2	4	2	3	1	0	–
Personal care and service occupations	3,676	214	546	847	699	662	465	244	38.6
Supervisors of personal care and service workers	250	1	16	57	69	55	29	24	42.0
Animal trainers	54	2	9	15	7	12	7	2	37.3
Animal caretakers	272	21	63	87	40	24	30	8	30.2
Gambling services workers	66	0	6	13	14	20	9	3	44.2
Ushers, lobby attendants, and ticket takers	29	7	7	6	1	2	0	5	–
Other entertainment attendants and related workers	192	48	59	24	14	18	8	20	23.8
Embalmers, crematory operators, and funeral attendants	14	0	1	3	6	2	2	1	–
Morticians, undertakers, and funeral arrangers	30	0	1	2	7	9	8	3	–
Barbers	103	1	7	30	28	20	12	5	40.8
Hairdressers, hairstylists, and cosmetologists	713	7	74	178	167	132	100	55	41.4
Manicurists and pedicurists	247	6	17	54	62	65	35	8	41.6
Skincare specialists	90	1	9	33	15	19	12	2	37.8
Other personal appearance workers	26	2	6	5	8	2	3	1	–
Baggage porters, bellhops, and concierges	84	3	14	19	16	11	17	5	41.3
Tour and travel guides	42	3	9	7	6	6	3	9	–
Childcare workers	974	80	173	191	151	180	138	62	37.7
Exercise trainers and group fitness instructors	223	4	19	76	54	42	17	12	37.7
Recreation workers	139	24	28	25	17	18	19	8	32.4
Residential advisors	26	0	9	5	6	4	1	0	–
Personal care and service workers, all other	101	3	19	17	13	21	17	12	43.0
									
Sales and office occupations	30,166	1,495	3,442	6,539	5,649	5,586	5,214	2,242	41.5
Sales and related occupations	14,369	1,010	1,739	2,912	2,643	2,536	2,347	1,181	40.9
First-line supervisors of retail sales workers	3,058	28	223	738	664	648	536	222	43.3
First-line supervisors of non-retail sales workers	1,184	10	50	213	278	288	236	109	46.3
Cashiers	2,601	665	632	420	257	239	249	141	25.3
Counter and rental clerks	81	6	9	19	14	11	17	5	40.0
Parts salespersons	124	6	16	22	23	20	21	15	44.0
Retail salespersons	2,750	250	538	572	376	354	417	242	35.8
Advertising sales agents	104	0	6	32	26	19	13	8	40.9
Insurance sales agents	600	2	36	120	137	121	121	62	45.7
Securities, commodities, and financial services sales agents	243	1	17	60	59	47	43	16	42.7
Travel agents	56	0	3	10	9	8	13	12	52.1
Sales representatives of services, except advertising, insurance, financial services, and travel	565	6	34	154	135	127	86	23	41.8
Sales representatives, wholesale and manufacturing	1,216	6	50	241	287	295	249	87	45.9
Models, demonstrators, and product promoters	30	1	3	7	3	1	11	6	–
Real estate brokers and sales agents	1,170	1	42	180	257	255	252	182	49.1
Sales engineers	41	0	2	5	14	10	4	7	–
Telemarketers	33	1	7	8	7	5	4	1	–
Door-to-door sales workers, news and street vendors, and related workers	104	1	10	15	25	26	17	10	45.1
Sales and related workers, all other	410	26	61	99	71	61	58	34	38.2
Office and administrative support occupations	15,797	485	1,703	3,627	3,006	3,050	2,866	1,060	42.1
First-line supervisors of office and administrative support workers	1,217	4	32	227	270	321	281	81	47.8
Switchboard operators, including answering service	8	0	0	3	1	2	3	0	–
Telephone operators	23	2	4	4	6	3	3	3	–
Communications equipment operators, all other	5	0	0	2	2	0	0	0	–
Bill and account collectors	97	1	12	25	17	15	18	9	42.2
Billing and posting clerks	483	2	34	107	108	100	106	26	44.3
Bookkeeping, accounting, and auditing clerks	1,097	11	56	170	183	252	277	149	50.0
Gambling cage workers	15	0	1	3	2	3	5	1	–
Payroll and timekeeping clerks	153	0	4	33	44	28	34	11	44.4
Procurement clerks	29	0	1	8	9	4	6	1	–
Tellers	215	6	43	67	40	24	30	6	33.6
Financial clerks, all other	92	2	9	26	21	18	13	4	39.8
Brokerage clerks	9	0	0	1	5	0	2	0	–
Correspondence clerks	7	0	1	2	1	1	2	0	–
Court, municipal, and license clerks	77	0	3	19	19	14	18	6	44.7
Credit authorizers, checkers, and clerks	41	1	2	13	6	8	8	2	–
Customer service representatives	2,512	217	418	672	429	359	311	107	34.6
Eligibility interviewers, government programs	60	0	0	11	21	13	12	3	44.2
File Clerks	161	8	12	35	31	24	37	13	43.8
Hotel, motel, and resort desk clerks	119	7	31	34	17	12	13	6	32.0
Interviewers, except eligibility and loan	203	7	35	56	37	35	21	13	38.0
Library assistants, clerical	88	6	13	15	8	13	22	10	48.2
Loan interviewers and clerks	144	0	6	51	22	34	26	5	41.2
New accounts clerks	12	0	0	3	4	1	2	1	–
Order clerks	112	4	13	32	22	13	20	7	39.6
Human resources assistants, except payroll and timekeeping	38	1	1	7	6	13	8	2	–
Receptionists and information clerks	1,215	58	232	307	199	177	169	73	36.3
Reservation and transportation ticket agents and travel clerks	93	3	10	22	15	19	18	5	41.7
Information and record clerks, all other	107	1	13	27	18	21	18	9	40.9
Cargo and freight agents	10	0	0	5	1	1	2	1	–
Couriers and messengers	837	41	152	231	163	123	95	32	35.3
Public safety telecommunicators	88	0	7	34	13	20	10	3	39.9
Dispatchers, except police, fire, and ambulance	189	2	16	47	43	35	36	9	42.7
Meter readers, utilities	33	0	3	4	10	6	9	1	–
Postal service clerks	105	0	5	22	15	33	19	10	46.7
Postal service mail carriers	273	2	12	52	78	60	61	8	44.4
Postal service mail sorters, processors, and processing machine operators	82	0	5	19	15	12	23	8	46.1
Production, planning, and expediting clerks	212	1	12	61	54	41	29	13	41.4
Shipping, receiving, and inventory clerks	615	16	96	140	124	124	84	32	39.8
Weighers, measurers, checkers, and samplers, recordkeeping	49	1	7	11	11	6	11	2	–
Executive secretaries and executive administrative assistants	223	0	13	45	37	72	42	15	48.5
Legal secretaries and administrative assistants	49	1	2	8	6	14	15	3	–
Medical secretaries and administrative assistants	58	2	3	9	8	16	14	6	50.3
Secretaries and administrative assistants, except legal, medical, and executive	2,009	22	125	352	359	477	481	193	48.5
Data entry keyers	220	6	37	59	40	35	32	12	37.4
Word processors and typists	37	0	2	4	9	8	7	8	–
Desktop publishers	1	0	0	1	0	0	0	0	–
Insurance claims and policy processing clerks	257	4	20	78	56	41	47	11	40.6
Mail clerks and mail machine operators, except postal service	53	3	8	13	6	8	11	4	40.1
Office clerks, general	1,249	40	141	252	224	240	243	109	42.8
Office machine operators, except computer	27	4	6	8	5	1	3	1	–
Proofreaders and copy markers	10	0	0	2	0	4	3	1	–
Statistical assistants	45	0	1	11	15	11	7	1	–
Office and administrative support workers, all other	639	2	44	179	151	135	100	27	41.1
									
Natural resources, construction, and maintenance occupations	13,959	367	1,239	3,246	3,362	2,778	2,253	714	41.6
Farming, fishing, and forestry occupations	1,061	60	122	222	215	186	165	92	41.4
First-line supervisors of farming, fishing, and forestry workers	49	0	1	10	12	9	11	6	–
Agricultural inspectors	10	0	1	3	1	3	2	0	–
Animal breeders	12	0	0	5	0	1	3	2	–
Graders and sorters, agricultural products	53	0	8	13	11	10	10	1	40.0
Miscellaneous agricultural workers	835	57	100	170	171	142	124	71	40.8
Fishing and hunting workers	31	2	0	5	7	7	4	6	–
Forest and conservation workers	21	0	5	5	3	3	3	1	–
Logging workers	51	1	6	11	10	12	7	5	43.8
Construction and extraction occupations	8,057	207	722	1,904	2,108	1,571	1,188	358	40.9
First-line supervisors of construction trades and extraction workers	650	3	20	126	186	159	123	33	44.6
Boilermakers	21	0	0	4	4	9	4	0	–
Brickmasons, blockmasons, and stonemasons	97	3	11	16	25	21	13	8	42.2
Carpenters	1,230	30	113	281	332	241	169	64	40.8
Carpet, floor, and tile installers and finishers	156	4	12	33	45	33	22	7	41.2
Cement masons, concrete finishers, and terrazzo workers	67	2	4	17	21	16	7	0	40.1
Construction laborers	2,165	93	237	479	575	402	287	92	39.8
Construction equipment operators	360	2	27	83	91	70	74	12	43.1
Drywall installers, ceiling tile installers, and tapers	155	3	9	43	44	37	16	3	39.2
Electricians	845	17	77	195	216	164	131	45	41.4
Glaziers	53	1	6	17	13	3	10	2	35.0
Insulation workers	48	2	2	13	13	12	5	2	–
Painters and paperhangers	556	11	34	143	163	100	86	20	41.5
Pipelayers	37	1	2	14	10	8	1	2	–
Plumbers, pipefitters, and steamfitters	587	5	52	166	135	121	83	24	40.6
Plasterers and stucco masons	22	0	5	5	6	3	3	1	–
Reinforcing iron and rebar workers	10	0	1	3	2	2	1	0	–
Roofers	221	6	26	67	59	39	20	3	36.7
Sheet metal workers	125	5	12	37	29	16	22	4	38.8
Structural iron and steel workers	41	0	5	11	14	5	4	1	–
Solar photovoltaic installers	23	0	3	10	6	2	2	0	–
Helpers, construction trades	71	10	21	21	8	7	4	1	27.8
Construction and building inspectors	103	0	6	16	18	19	30	13	50.3
Elevator and escalator installers and repairers	38	0	0	8	11	10	8	0	–
Fence erectors	41	4	8	11	10	3	3	1	–
Hazardous materials removal workers	27	1	4	9	2	4	4	2	–
Highway maintenance workers	99	0	5	22	20	18	25	9	46.4
Rail-track laying and maintenance equipment operators	15	1	0	3	3	5	3	0	–
Septic tank servicers and sewer pipe cleaners	11	0	1	4	3	1	0	1	–
Miscellaneous construction and related workers	26	1	3	5	5	7	4	2	–
Derrick, rotary drill, and service unit operators, oil and gas	21	0	2	3	8	5	3	0	–
Excavating and loading machine and dragline operators, surface mining	4	1	0	1	0	2	1	0	–
Earth drillers, except oil and gas	27	1	0	8	3	9	4	3	–
Explosives workers, ordnance handling experts, and blasters	14	0	0	2	3	5	4	0	–
Underground mining machine operators	33	0	2	10	6	6	8	1	–
Roustabouts, oil and gas	3	0	0	2	1	0	0	0	–
Other extraction workers	55	2	8	17	18	6	5	0	36.4
Installation, maintenance, and repair occupations	4,840	100	396	1,120	1,039	1,021	900	265	42.9
First-line supervisors of mechanics, installers, and repairers	222	0	3	34	51	51	69	14	49.6
Computer, automated teller, and office machine repairers	176	1	12	44	48	35	23	12	41.1
Radio and telecommunications equipment installers and repairers	155	5	16	28	28	43	27	8	43.2
Avionics technicians	5	0	0	1	1	1	3	0	–
Electric motor, power tool, and related repairers	21	0	0	6	8	2	4	0	–
Electrical and electronics installers and repairers, transportation equipment	1	0	0	0	0	0	0	0	–
Electrical and electronics repairers, industrial and utility	13	0	0	5	1	2	3	0	–
Electronic equipment installers and repairers, motor vehicles	9	0	2	4	2	1	1	0	–
Audiovisual equipment installers and repairers	22	0	1	7	6	3	4	0	–
Security and fire alarm systems installers	72	1	7	21	16	11	10	5	39.8
Aircraft mechanics and service technicians	150	1	6	37	31	36	36	4	46.0
Automotive body and related repairers	123	4	15	22	17	32	23	10	47.4
Automotive glass installers and repairers	28	1	2	12	6	3	4	1	–
Automotive service technicians and mechanics	864	33	98	219	174	159	138	42	40.1
Bus and truck mechanics and diesel engine specialists	362	12	33	96	73	70	59	19	40.2
Heavy vehicle and mobile equipment service technicians and mechanics	248	3	21	60	58	59	38	10	41.9
Small engine mechanics	43	3	3	8	7	14	7	2	–
Miscellaneous vehicle and mobile equipment mechanics, installers, and repairers	84	8	16	20	17	12	12	0	33.2
Control and valve installers and repairers	20	0	0	4	3	5	7	0	–
Heating, air conditioning, and refrigeration mechanics and installers	445	6	41	99	118	80	79	21	41.9
Home appliance repairers	49	1	6	7	17	8	5	5	–
Industrial and refractory machinery mechanics	429	3	16	96	86	106	95	27	46.9
Maintenance and repair workers, general	614	9	33	116	124	143	141	47	46.4
Maintenance workers, machinery	29	0	5	4	2	7	9	2	–
Millwrights	48	0	1	7	15	13	11	1	–
Electrical power-line installers and repairers	125	1	15	45	27	22	15	1	37.4
Telecommunications line installers and repairers	134	0	10	37	37	28	15	7	40.4
Precision instrument and equipment repairers	68	0	4	19	14	12	12	6	44.2
Wind turbine service technicians	11	0	1	6	4	0	0	0	–
Coin, vending, and amusement machine servicers and repairers	29	0	4	3	6	8	7	2	–
Commercial divers	2	0	0	1	0	2	0	0	–
Locksmiths and safe repairers	30	0	1	6	7	5	6	4	–
Manufactured building and mobile home installers	1	0	0	0	0	0	0	0	–
Riggers	6	0	0	0	0	2	1	2	–
Helpers--installation, maintenance, and repair workers	19	3	2	3	1	4	5	1	–
Other installation, maintenance, and repair workers	182	5	19	42	34	43	32	8	42.4
									
Production, transportation, and material moving occupations	19,309	825	2,087	4,257	3,644	3,810	3,514	1,172	42.0
Production occupations	7,950	206	710	1,772	1,661	1,685	1,534	383	43.0
First-line supervisors of production and operating workers	767	1	22	156	178	204	165	41	45.9
Aircraft structure, surfaces, rigging, and systems assemblers	6	0	1	0	2	0	2	0	–
Electrical, electronics, and electromechanical assemblers	110	1	6	27	15	23	31	7	46.8
Engine and other machine assemblers	7	0	1	1	1	0	2	1	–
Structural metal fabricators and fitters	13	1	0	1	5	3	2	1	–
Other assemblers and fabricators	957	34	106	228	175	212	161	41	41.5
Bakers	229	11	30	46	46	46	36	15	41.7
Butchers and other meat, poultry, and fish processing workers	246	12	31	58	49	36	48	13	40.6
Food and tobacco roasting, baking, and drying machine operators and tenders	9	1	1	2	1	0	4	0	–
Food batchmakers	93	11	16	17	18	13	16	3	36.6
Food cooking machine operators and tenders	8	1	3	2	0	1	0	0	–
Food processing workers, all other	144	5	14	35	32	28	25	5	41.5
Computer numerically controlled tool operators and programmers	90	1	5	24	19	18	23	1	44.0
Forming machine setters, operators, and tenders, metal and plastic	25	1	3	6	1	4	10	1	–
Cutting, punching, and press machine setters, operators, and tenders, metal and plastic	70	0	3	23	15	9	15	3	42.7
Grinding, lapping, polishing, and buffing machine tool setters, operators, and tenders, metal and plastic	32	0	10	4	5	5	5	2	–
Other machine tool setters, operators, and tenders, metal and plastic	8	0	0	2	0	1	4	1	–
Machinists	323	3	29	68	70	57	79	17	44.4
Metal furnace operators, tenders, pourers, and casters	17	1	1	9	2	5	0	0	–
Model makers and patternmakers, metal and plastic	1	0	1	0	1	0	0	0	–
Molders and molding machine setters, operators, and tenders, metal and plastic	29	0	1	4	11	7	5	1	–
Tool and die makers	43	4	1	4	6	9	14	4	–
Welding, soldering, and brazing workers	555	19	76	128	119	110	89	14	40.0
Other metal workers and plastic workers	335	6	29	70	72	72	75	10	43.7
Prepress technicians and workers	17	0	0	6	2	6	1	1	–
Printing press operators	143	3	10	26	35	29	32	7	44.7
Print binding and finishing workers	8	0	0	0	2	1	4	0	–
Laundry and dry-cleaning workers	116	3	3	16	20	30	32	12	50.4
Pressers, textile, garment, and related materials	17	0	1	2	7	2	4	2	–
Sewing machine operators	120	1	5	17	33	27	27	10	47.3
Shoe and leather workers	18	0	0	6	4	2	5	1	–
Tailors, dressmakers, and sewers	58	0	1	12	7	9	17	13	54.1
Textile machine setters, operators, and tenders	12	0	0	4	1	4	3	0	–
Upholsterers	20	0	1	4	3	5	6	1	–
Other textile, apparel, and furnishings workers	14	1	0	2	4	3	4	1	–
Cabinetmakers and bench carpenters	67	2	8	10	11	17	15	4	45.2
Furniture finishers	11	0	1	3	1	4	2	1	–
Sawing machine setters, operators, and tenders, wood	26	3	1	6	4	8	2	3	–
Woodworking machine setters, operators, and tenders, except sawing	16	1	1	2	4	6	2	0	–
Other woodworkers	22	1	2	5	4	4	3	3	–
Power plant operators, distributors, and dispatchers	32	0	1	7	9	3	10	1	–
Stationary engineers and boiler operators	66	0	2	10	6	15	27	5	52.7
Water and wastewater treatment plant and system operators	99	2	7	16	26	17	26	5	45.6
Miscellaneous plant and system operators	37	0	1	10	14	6	5	1	–
Chemical processing machine setters, operators, and tenders	72	3	2	21	14	21	9	2	42.8
Crushing, grinding, polishing, mixing, and blending workers	76	2	10	16	15	18	13	3	41.1
Cutting workers	53	1	6	11	9	12	11	2	45.5
Extruding, forming, pressing, and compacting machine setters, operators, and tenders	25	0	1	6	10	2	5	1	–
Furnace, kiln, oven, drier, and kettle operators and tenders	13	0	1	3	1	3	4	1	–
Inspectors, testers, sorters, samplers, and weighers	829	20	71	204	163	183	145	42	42.2
Jewelers and precious stone and metal workers	51	0	3	10	7	13	12	6	50.5
Dental and ophthalmic laboratory technicians and medical appliance technicians	73	1	9	18	17	10	13	4	39.9
Packaging and filling machine operators and tenders	253	9	35	49	51	62	39	8	41.4
Painting workers	153	1	13	38	44	35	18	5	41.1
Photographic process workers and processing machine operators	21	0	1	4	6	3	7	0	–
Adhesive bonding machine operators and tenders	11	0	0	4	3	0	3	0	–
Etchers and engravers	2	0	0	0	0	1	1	0	–
Molders, shapers, and casters, except metal and plastic	21	0	2	6	3	5	4	1	–
Paper goods machine setters, operators, and tenders	16	0	2	5	3	3	2	1	–
Tire builders	8	0	0	1	3	3	0	1	–
Helpers--production workers	53	8	12	6	7	11	6	4	35.6
Other production equipment operators and tenders	6	0	2	1	2	1	1	0	–
Other production workers	1,178	30	105	291	260	240	203	49	41.4
Transportation and material moving occupations	11,359	619	1,377	2,486	1,983	2,125	1,980	789	41.2
Supervisors of transportation and material moving workers	355	3	22	94	66	87	68	13	44.5
Aircraft pilots and flight engineers	158	2	5	28	40	36	39	7	45.7
Air traffic controllers and airfield operations specialists	31	0	0	8	11	4	5	2	–
Flight attendants	105	0	4	26	15	26	24	9	47.8
Ambulance drivers and attendants, except emergency medical technicians	7	0	5	1	0	0	0	0	–
Bus drivers, school	276	1	5	22	34	54	100	59	55.6
Bus drivers, transit and intercity	241	1	2	31	35	61	68	42	53.3
Driver/sales workers and truck drivers	3,487	74	218	658	690	813	748	286	46.3
Shuttle drivers and chauffeurs	57	0	1	7	8	15	8	18	56.2
Taxi drivers	337	3	19	85	65	73	61	32	44.1
Motor vehicle operators, all other	163	2	8	23	22	21	46	40	53.3
Locomotive engineers and operators	39	0	0	5	10	14	8	2	–
Railroad conductors and yardmasters	39	0	0	6	13	12	8	1	–
Other rail transportation workers	14	0	0	5	3	4	1	1	–
Sailors and marine oilers	18	1	3	9	1	2	0	2	–
Ship and boat captains and operators	26	0	4	6	3	7	4	2	–
Ship engineers	3	0	0	0	2	1	1	0	–
Parking attendants	71	8	11	14	13	11	11	4	38.2
Transportation service attendants	89	14	24	18	11	10	9	4	28.0
Transportation inspectors	36	0	1	3	5	13	12	2	–
Passenger attendants	17	1	3	1	2	3	2	6	–
Other transportation workers	30	1	3	8	7	4	6	1	–
Crane and tower operators	56	1	3	9	14	14	13	2	46.1
Conveyor, dredge, and hoist and winch operators	35	1	2	12	4	5	8	4	–
Industrial truck and tractor operators	623	9	56	182	116	138	100	22	40.9
Cleaners of vehicles and equipment	301	39	49	72	50	40	37	15	33.7
Laborers and freight, stock, and material movers, hand	2,161	165	389	562	372	326	259	88	35.0
Machine feeders and offbearers	22	2	9	3	4	1	2	2	–
Packers and packagers, hand	742	81	154	185	103	109	76	34	32.0
Stockers and order fillers	1,652	205	357	365	230	192	224	77	31.9
Pumping station operators	16	0	0	3	5	5	2	2	–
Refuse and recyclable material collectors	87	4	9	21	17	15	17	6	40.9
Other material moving workers	66	2	11	16	12	10	11	6	39.1
